1666048026,588017920,,-2912.8368761558204
1666048026,628129387,,-2911.873279656031
1666048026,676883832,,-2612.917730465693
1666048026,727941140,,-2912.87541735561
1666048026,779958172,,-2912.8750818633584
1666048026,827908166,,-2912.257351519723
1666048026,896672082,,-2687.306282015472
1666048026,927928490,,-2438.0219382066366
1666048026,979004418,,-2912.8663825716317
1666048027,28929218,,-2912.6818242791137
1666048027,78489910,,-2884.7533291543864
1666048027,127881460,,-2585.6620414041718
1666048027,182337573,,-2912.8665984600525
1666048027,228471781,,-2912.8754310364125
1666048027,291882610,,-2912.167488452883
1666048027,327561363,,-2703.5727262474347
1666048027,377014208,,-2449.0964450924425
1666048027,429804817,,-2912.848893230306
1666048027,479053218,,-2912.841416229816
1666048027,528579696,,-2910.0623926603193
1666048027,576835838,,-2673.6774954187626
1666048027,627005363,,-2427.9699678024067
1666048027,678959599,,-2912.8737506486464
1666048027,729103463,,-2912.854998733088
1666048027,778286589,,-2905.442890909343
1666048027,826685098,,-2644.009407597354
1666048027,880368625,,-2912.875581999913
1666048027,928755878,,-2912.859508918327
1666048027,979717100,,-2912.460027170074
1666048028,28012062,,-2719.833220205817
1666048028,76661264,,-2454.2855361544607
1666048028,148150733,,-2912.8763025900234
1666048028,180007720,,-2912.605111191591
1666048028,229061935,,-2911.0097538354626
1666048028,277568519,,-2711.7940326236176
1666048028,326803406,,-2451.554426971782
1666048028,398475160,,-2911.752105761973
1666048028,428466884,,-2912.688030965515
1666048028,477915093,,-2912.236700471547
1666048028,529479740,,-2734.5059305727063
1666048028,576666094,,-2481.5347360372502
1666048028,630648336,,-2912.876286134398
1666048028,680272640,,-2912.8762899664207
1666048028,729878038,,-2912.504196896101
1666048028,777426218,,-2748.671470594618
1666048028,827274395,,-2477.6983129851437
1666048028,896196608,,-2911.470769338529
1666048028,928637863,,-2911.6251008860886
1666048028,980027050,,-2872.1710572453417
1666048029,42379340,,-2603.0118360389743
1666048029,79935145,,-2319.609566284661
1666048029,127542113,,-2912.8747931372436
1666048029,178874976,,-2912.876287107767
1666048029,228110772,,-2912.8707922626245
1666048029,277519919,,-2912.4457133556143
1666048029,328186098,,-2912.8429377145476
1666048029,378123404,,-2912.869710800597
1666048029,427732398,,-2912.875886688841
1666048029,477632884,,-2912.8651628363036
1666048029,548209519,,-2564.249826927687
1666048029,578603652,,-2912.874355661003
1666048029,628145364,,-2863.929854209918
1666048029,679237402,,-2707.7036169142434
1666048029,729596504,,-2912.876244836453
1666048029,779133527,,-2912.604183959273
1666048029,828266803,,-2831.7734398109
1666048029,878580540,,-2614.5197420858503
1666048029,927803278,,-2311.959992268041
1666048029,979040561,,-2912.875958714468
1666048030,28285157,,-2912.691473214573
1666048030,77614075,,-2880.9727569003167
1666048030,128303672,,-2646.9623489760766
1666048030,179422443,,-2912.875783135938
1666048030,228399010,,-2912.875990628457
1666048030,278111086,,-2912.174763850333
1666048030,327758999,,-2747.0830118972763
1666048030,392782220,,-2485.2856844304224
1666048030,427826587,,-2912.8676459335256
1666048030,478405773,,-2912.8066981959446
1666048030,528915173,,-2865.8139660918523
1666048030,593985030,,-2610.9533030302464
1666048030,628909511,,-2912.8595460886627
1666048030,677997523,,-2912.7943631669054
1666048030,733051605,,-2892.1403768735036
1666048030,778382341,,-2627.262106690615
1666048030,828219142,,-2912.8562265078654
1666048030,879608883,,-2912.874876540416
1666048030,939375495,,-2907.9430952589637
1666048030,977378031,,-2648.624365021761
1666048031,26571380,,-2370.571520589349
1666048031,81296510,,-2912.832936102981
1666048031,127697767,,-2912.746475679205
1666048031,192403065,,-2895.24246530852
1666048031,230938105,,-2654.500142082525
1666048031,277682255,,-2912.824718482469
1666048031,330677587,,-2912.8596149880927
1666048031,378408385,,-2910.5765330240106
1666048031,426967776,,-2710.601969076616
1666048031,478182677,,-2448.324275514893
1666048031,529304886,,-2912.8697252447873
1666048031,580601147,,-2912.848125706483
1666048031,628151994,,-2902.2816809997603
1666048031,676800291,,-2657.2490156514245
1666048031,729557272,,-2912.847268879897
1666048031,779353558,,-2912.875731416864
1666048031,841346847,,-2911.2285863428115
1666048031,877873462,,-2718.44957637668
1666048031,927186167,,-2452.8373037111496
1666048031,981686951,,-2912.876171355715
1666048032,29459777,,-2912.7832762038274
1666048032,78010629,,-2909.759373575746
1666048032,128144790,,-2703.152439607256
1666048032,177558880,,-2912.8611144356746
1666048032,247067169,,-2912.876232731353
1666048032,279407611,,-2911.6863508415063
1666048032,327473171,,-2645.8978543190824
1666048032,376223779,,-2282.496698477594
1666048032,429240875,,-2912.8443640718397
1666048032,485876161,,-2865.2772502561074
1666048032,529718951,,-2729.6289265960518
1666048032,577000459,,-2189.5333427845667
1666048032,639484683,,-2912.8761904912594
1666048032,680985642,,-2912.8739835287683
1666048032,729133097,,-2912.8607902196436
1666048032,778763567,,-2912.8743281439865
1666048032,830518560,,-2912.8697159757116
1666048032,879253233,,-2912.8582609370715
1666048032,927807217,,-2765.980260449108
1666048032,978494845,,-2912.8409682265715
1666048033,30030061,,-2912.8724654132366
1666048033,77047390,,-2764.496241641106
1666048033,129148307,,-2912.864104931037
1666048033,178185544,,-2815.608099196804
1666048033,227656011,,-2659.635137507776
1666048033,279571078,,-2911.883393634153
1666048033,330640957,,-2910.582894129025
1666048033,377489670,,-2369.910423942
1666048033,428096165,,-2910.667030542804
1666048033,476910780,,-2551.178614789198
1666048033,528694027,,-2222.8166767661583
1666048033,577007458,,-2591.720598542442
1666048033,626962277,,-2483.3617198708266
1666048033,677655875,,-2743.3972939186724
1666048033,728490291,,-2642.7845818465134
1666048033,799395777,,-1911.5718151074
1666048033,826946152,,-2580.276611043193
1666048033,878284581,,-1983.004844278318
1666048033,926635927,,-2560.3476911759262
1666048033,976355445,,-2102.2334048661155
1666048034,26574474,,-1744.5850323961317
1666048034,78831530,,-2041.237009247456
1666048034,126284023,,-2015.3045820072173
1666048034,176014749,,-1331.0350640854392
1666048034,226681333,,-2188.0485791154133
1666048034,278816944,,-1725.4315411647476
1666048034,326857750,,-2394.277042866535
1666048034,375899246,,-1840.9760310638455
1666048034,426505388,,-1601.8191287410784
1666048034,476054260,,-1507.5147573569752
1666048034,526604734,,-1601.2390269072569
1666048034,576959377,,-1377.3749974094176
1666048034,627333463,,-1646.2336461118532
1666048034,675478637,,623.6461402158641
1666048034,728155338,,-1584.9700421989755
1666048034,775587468,,-743.0226075009455
1666048034,826455269,,-1210.4654243250284
1666048034,876542363,,-1041.585631781114
1666048034,925855599,,-1388.725339115523
1666048034,976312035,,275.42750118327467
1666048035,25876340,,-354.3031465550488
1666048035,76709270,,-214.47418897036079
1666048035,126141814,,-975.953991447307
1666048035,176000090,,484.6442390388121
1666048035,225437930,,-292.10769757951175
1666048035,275672325,,51.61306215649048
1666048035,326135448,,-694.4103536790283
1666048035,375049933,,651.5353292575949
1666048035,425441945,,627.0507275497374
1666048035,476595604,,869.5711153650184
1666048035,527120741,,734.8977045453532
1666048035,576312226,,1056.9455449711245
1666048035,625708928,,987.9675865568722
1666048035,676020476,,1124.3004870499371
1666048035,727437585,,956.8537569332177
1666048035,776080861,,881.2829180378454
1666048035,826742226,,631.6245432346108
1666048035,875954389,,647.1018210237131
1666048035,925556806,,635.0584125316806
1666048035,976684639,,1059.1015209215352
1666048036,46101706,,1031.7861573668476
1666048036,76521086,,1070.944168921467
1666048036,127630113,,993.2803346253618
1666048036,176082970,,997.325067173452
1666048036,227494559,,1334.2080021433817
1666048036,277552977,,1277.1740786506211
1666048036,326060116,,1126.3592135725135
1666048036,375285335,,970.6531702686348
1666048036,426409400,,1443.2620603860578
1666048036,475624315,,1386.4963934718123
1666048036,525288162,,1253.5055121454195
1666048036,576139636,,1079.1810889183398
1666048036,627082834,,1633.5812828440148
1666048036,697360682,,1544.9093555087704
1666048036,726043901,,1376.2954781330193
1666048036,776427970,,1826.493565158626
1666048036,846247358,,1691.28262277201
1666048036,875502075,,1435.5313744997331
1666048036,925932553,,1918.5911994242167
1666048036,977119052,,1747.1801370966743
1666048037,25298432,,1499.250750555328
1666048037,75960991,,2041.3721516385606
1666048037,125522932,,1886.4770636795695
1666048037,176838986,,1634.7870403779345
1666048037,226012720,,2194.811222848691
1666048037,295176242,,2032.4864117550214
1666048037,329742740,,1768.162506072394
1666048037,375586485,,2318.60209279533
1666048037,426068161,,2136.7601660491487
1666048037,476175275,,1866.369188925765
1666048037,526959947,,2448.0474552089886
1666048037,576727241,,2263.1704648307777
1666048037,625790453,,1984.0296495064886
1666048037,677585085,,2568.013312213257
1666048037,727710190,,2374.3546967667758
1666048037,776895206,,2091.6040738127167
1666048037,827627811,,2686.1227417261375
1666048037,887732556,,2483.4504666600897
1666048037,928014732,,2192.6412636260793
1666048037,976902815,,2782.6760695282346
1666048038,26251852,,2571.9350171874867
1666048038,87288612,,2279.7376727531882
1666048038,127605745,,2875.642301861307
1666048038,175880736,,2651.8110097105623
1666048038,227307704,,2354.7964665619206
1666048038,294481091,,2966.7999734284426
1666048038,325841285,,2766.693064513005
1666048038,376386383,,2538.302176643628
1666048038,427358247,,2220.3352855873263
1666048038,476842174,,2962.0497042733955
1666048038,527775601,,2807.0496441909686
1666048038,578013930,,2572.7423731194845
1666048038,642756531,,2264.875845903686
1666048038,678391267,,3031.2830661299836
1666048038,731188932,,2877.858846564891
1666048038,777336713,,2651.8648875942527
1666048038,827813094,,2350.827423855571
1666048038,876702226,,3122.5783038649174
1666048038,929467792,,2967.6057018458955
1666048038,980522762,,2736.7099885804646
1666048039,27508203,,2423.0506522455134
1666048039,77799902,,3175.467889476225
1666048039,127630268,,3013.9213506064216
1666048039,176344129,,2770.955602304383
1666048039,226137398,,2452.6831900500633
1666048039,290478494,,3201.249021375236
1666048039,328529242,,3057.967583247773
1666048039,376577242,,2838.9553317769046
1666048039,432383890,,2527.8695351339693
1666048039,496156061,,3253.4414610125796
1666048039,530808278,,3098.599010667449
1666048039,576635143,,2904.0112881419427
1666048039,645980804,,2601.5339142275175
1666048039,678097371,,3289.616421147618
1666048039,741439784,,3080.0310413785005
1666048039,777200736,,2778.498111984059
1666048039,826665721,,2416.798778098222
1666048039,890370667,,3159.9609319938527
1666048039,927558839,,3022.393504324802
1666048039,978131008,,2806.7447111397023
1666048040,26212662,,2504.858992360073
1666048040,77830168,,3241.588860557942
1666048040,126528551,,3076.476335348824
1666048040,177394079,,2818.267999954564
1666048040,227275721,,2484.0441716810324
1666048040,278860534,,3214.226884482524
1666048040,341478451,,3049.4859528730854
1666048040,377769961,,2789.5908745067545
1666048040,426528764,,2455.0031025378544
1666048040,479665376,,3199.294016148206
1666048040,529167730,,3043.1482785337744
1666048040,587226297,,2796.1750065269675
1666048040,626596670,,2466.0815911585414
1666048040,677577150,,3202.370914469345
1666048040,727498210,,3043.0572951623603
1666048040,777257432,,2794.6767363901567
1666048040,827232849,,2471.497431614407
1666048040,877327756,,3213.568116179411
1666048040,927580747,,3056.017704311216
1666048040,978747239,,2806.522343574274
1666048041,27429177,,2478.832335755089
1666048041,79868144,,3214.7333411963464
1666048041,127376757,,3054.2564126374273
1666048041,177140128,,2802.067642881181
1666048041,226983189,,2472.2204904212176
1666048041,277733118,,3209.4213733130514
1666048041,329613246,,3050.274621297888
1666048041,377482230,,2798.9867289921685
1666048041,440530502,,2470.065535837651
1666048041,478202525,,3200.3642404688585
1666048041,527420745,,3032.0411624374246
1666048041,577317510,,2777.526188863323
1666048041,627248863,,2450.7242718739453
1666048041,678623408,,3198.867865711186
1666048041,728763155,,3047.3028673824024
1666048041,777302605,,2801.193905702694
1666048041,828147390,,2475.5024605975136
1666048041,877320804,,3212.9775230792948
1666048041,926638971,,3056.0919438136784
1666048041,976912077,,2804.300176369917
1666048042,26376414,,2474.331246511767
1666048042,77313224,,3209.6745257652788
1666048042,149381645,,3053.2377993047844
1666048042,178290380,,2796.5353714383905
1666048042,226592501,,2450.0821875282627
1666048042,277311389,,3188.9146820563465
1666048042,326731538,,3037.79981098966
1666048042,377457893,,2791.0893599781098
1666048042,425951795,,2469.462706821244
1666048042,477802828,,3210.5176469163785
1666048042,528886518,,3058.849025888737
1666048042,579766744,,2808.3243851944612
1666048042,626159892,,2480.4873010582105
1666048042,688917115,,3212.6056602033605
1666048042,729426200,,3074.8286398733167
1666048042,778558444,,2848.3562733732338
1666048042,826813436,,2527.588007749782
1666048042,879051237,,3240.7913842207295
1666048042,928131229,,3073.1070633546606
1666048042,990339171,,2805.478318467576
1666048043,31853089,,2455.938312357015
1666048043,79666499,,3179.5275267071875
1666048043,128633266,,3023.540330534161
1666048043,177420712,,2769.9601771283187
1666048043,226689987,,2446.6815501626597
1666048043,279901858,,3193.177035676949
1666048043,326871545,,3046.881360607096
1666048043,377128898,,2796.8305550604
1666048043,426859089,,2470.2686357476214
1666048043,480039416,,3204.1336825487465
1666048043,537600282,,3051.103365420945
1666048043,578433637,,2790.122020098429
1666048043,628490109,,2451.7549647904348
1666048043,678640867,,3188.3852843891627
1666048043,727429300,,3037.392610887105
1666048043,777539823,,2784.563609390658
1666048043,828894413,,2457.3451736495776
1666048043,878626142,,3196.5212345275763
1666048043,927512829,,3046.2716106422313
1666048043,978948498,,2793.0596555285847
1666048044,26977307,,2463.599748476097
1666048044,79790818,,3198.850958786358
1666048044,127340934,,3046.449189498655
1666048044,189490833,,2791.6700318799108
1666048044,226598936,,2452.2360520325624
1666048044,277359565,,3182.232968433576
1666048044,327606640,,3028.922979267529
1666048044,377985338,,2776.2213585453164
1666048044,427313940,,2449.4208595896507
1666048044,477593717,,3192.7535741538863
1666048044,527755215,,3043.8564610293565
1666048044,578379017,,2791.9676377101973
1666048044,626759378,,2461.8442387930527
1666048044,679181015,,3197.801514854633
1666048044,734317147,,3044.117781758522
1666048044,792632557,,2788.3079873264446
1666048044,826432580,,2446.5626407359273
1666048044,878243848,,3177.9407325627108
1666048044,937824549,,3023.1840738267892
1666048044,977225140,,2765.0276029386423
1666048045,26592484,,2429.539914351193
1666048045,84405205,,3178.806812721478
1666048045,126952401,,3029.9090368253997
1666048045,177399368,,2779.1984247658957
1666048045,227486339,,2451.13286036586
1666048045,286450383,,3193.374217434385
1666048045,329950472,,3058.1709576899484
1666048045,378523125,,2831.487387364477
1666048045,429778932,,2507.6235941520904
1666048045,495830426,,3224.5801792968873
1666048045,528522634,,3073.9364354753543
1666048045,578435983,,2871.822878116151
1666048045,627145314,,2557.51634641257
1666048045,678672913,,3249.547090424244
1666048045,728178055,,3072.6227759525864
1666048045,777710583,,2790.222056272564
1666048045,835012228,,2437.1015915206
1666048045,878077168,,3167.1242960233167
1666048045,928281927,,3014.5340719915494
1666048045,994257974,,2758.6504672917454
1666048046,28531462,,2423.2573267031275
1666048046,78182089,,3164.246777244923
1666048046,139979521,,3019.426009730288
1666048046,178286672,,2765.713383044189
1666048046,227498369,,2435.344698175727
1666048046,277703381,,3180.2366491275266
1666048046,327463145,,3036.5148414060254
1666048046,378155084,,2785.9141397293315
1666048046,438016168,,2458.3065025196956
1666048046,478006593,,3186.134497106604
1666048046,528687756,,3026.8600629743237
1666048046,579813088,,2767.3528070341
1666048046,626305772,,2437.704352245846
1666048046,700086146,,3181.9541125241403
1666048046,730291391,,3056.751425892551
1666048046,777232472,,2874.575842579865
1666048046,826250116,,2577.9220630273758
1666048046,878428873,,3269.854408796518
1666048046,928870142,,3096.8383789906056
1666048046,977253820,,2812.5378247415097
1666048047,26866367,,2455.145335246024
1666048047,77876591,,3174.4863358672337
1666048047,127288420,,3019.3464014167807
1666048047,177296531,,2760.7584465631726
1666048047,227115837,,2429.453602794025
1666048047,278942631,,3174.664181176913
1666048047,347425831,,3029.95372633086
1666048047,376480690,,2771.1894015419457
1666048047,426146849,,2423.3543171605884
1666048047,477527955,,3164.5019032592822
1666048047,527327885,,3016.5398398014845
1666048047,577556120,,2762.3160775909737
1666048047,626089008,,2430.7800376899904
1666048047,677672422,,3167.9415158320335
1666048047,728187109,,3016.431628744908
1666048047,785077050,,2759.5978650401917
1666048047,826677543,,2431.5125246522707
1666048047,877401448,,3175.4920653484924
1666048047,927821184,,3028.0536675359267
1666048047,978489512,,2767.5804038769197
1666048048,26773475,,2434.913937807851
1666048048,77411433,,3152.762975363547
1666048048,129724752,,3001.220143556008
1666048048,176613420,,2726.609402135897
1666048048,249978235,,2390.1112083233456
1666048048,277735066,,3088.3188249429772
1666048048,327573522,,2913.849956376668
1666048048,375955498,,2620.015619525239
1666048048,425952812,,2287.940504076539
1666048048,477808738,,3006.4521052489918
1666048048,529868298,,2877.558289057814
1666048048,576660483,,2601.37964968369
1666048048,626948548,,2272.6082359932047
1666048048,678834651,,2956.158802434002
1666048048,730868612,,2814.5588075780447
1666048048,776118341,,2516.998963531754
1666048048,827429179,,2170.4095283849274
1666048048,875529412,,1844.749220797175
1666048048,927519852,,2716.7547267541645
1666048048,977904804,,2667.779943094091
1666048049,26887725,,2454.7471266706666
1666048049,76405250,,2145.6854399367435
1666048049,125457196,,1840.2804002401992
1666048049,176713433,,2639.932779656496
1666048049,227320860,,2570.9716533757346
1666048049,275957343,,2321.4277225011197
1666048049,325611997,,1984.9992114338568
1666048049,375463416,,1641.5364147871107
1666048049,426718540,,2433.5502073264242
1666048049,475970728,,2371.999825087131
1666048049,532037286,,2120.035791878094
1666048049,584999671,,1788.4499895982456
1666048049,625217991,,1440.9446144897986
1666048049,676372550,,2252.479601958321
1666048049,741899448,,2211.2652596635644
1666048049,775066963,,1963.2150462204197
1666048049,825061300,,1640.8555426860594
1666048049,877119375,,2222.2727380167607
1666048049,925672434,,2097.363125954298
1666048049,975627815,,1727.6792759875555
1666048050,25083464,,1310.6007520647613
1666048050,75964692,,1879.6694568067128
1666048050,127076579,,1799.3373387279312
1666048050,175293211,,1414.0521310427544
1666048050,226843092,,1075.3285062315042
1666048050,291397550,,1661.2657576156364
1666048050,328090375,,1644.063778045488
1666048050,376730749,,1288.6202598232842
1666048050,427046677,,1781.9600195382504
1666048050,476264899,,1519.109630158119
1666048050,525130860,,1059.6881264163248
1666048050,576407933,,1344.9004308145493
1666048050,625739082,,1144.5988375392944
1666048050,689987070,,200.17492993297952
1666048050,725876443,,968.2260191775372
1666048050,775747614,,573.6902178933658
1666048050,829824014,,-583.7643059978802
1666048050,877401832,,539.8673390319673
1666048050,926679475,,513.3353723189764
1666048050,976579586,,-648.3203979320457
1666048051,27305069,,522.5168126794878
1666048051,78156983,,-354.6109166755296
1666048051,125428479,,-780.8383389431406
1666048051,176650750,,-748.9778423658348
1666048051,225659054,,-796.61253918666
1666048051,275629807,,-1123.4420267506637
1666048051,326055984,,-1019.0754331051916
1666048051,376323633,,-1113.6778561007127
1666048051,427351099,,-1164.758528762496
1666048051,478067904,,-1246.6246545082586
1666048051,525663510,,-1131.89752866762
1666048051,576712992,,-1200.8900284593726
1666048051,626272830,,-1228.4055709684621
1666048051,676666380,,-1231.650742996158
1666048051,726907321,,-1129.4257056964098
1666048051,775759100,,-1124.2020815201251
1666048051,825782728,,-1362.413216145243
1666048051,875679765,,-1346.9092919315547
1666048051,925985361,,-1279.5155630194158
1666048051,975109238,,-1185.1163300139349
1666048052,26101983,,-1561.3559422857088
1666048052,76301711,,-1472.6436073519703
1666048052,126265711,,-1408.9302530737216
1666048052,176045702,,-1211.0704257247298
1666048052,226363791,,-1735.2560623260163
1666048052,275885065,,-1593.8689016963544
1666048052,325902399,,-1551.2244170271958
1666048052,376003664,,-1264.406865126896
1666048052,425944186,,-1901.6788725227834
1666048052,481854097,,-1719.9229096199394
1666048052,532672831,,-1675.8560330461357
1666048052,575128455,,-1317.3609763135994
1666048052,626004761,,-2049.6334516547176
1666048052,677029782,,-1853.157225786609
1666048052,729118570,,-1810.286809374371
1666048052,777068645,,-1437.3588168580081
1666048052,826238511,,-2194.082226020126
1666048052,875902428,,-1984.5001378877262
1666048052,952178793,,-1923.8216058306398
1666048052,978791180,,-1570.619091782605
1666048053,28175532,,-2338.869441436826
1666048053,76193012,,-2181.877744498508
1666048053,126266333,,-2123.503831350696
1666048053,176355289,,-1805.9797231001417
1666048053,227674996,,-2548.545035884109
1666048053,276241343,,-2392.283793156752
1666048053,325812923,,-2276.1196230836786
1666048053,378070119,,-1949.5762517809162
1666048053,426341936,,-2662.514712559202
1666048053,477340711,,-2471.838380712986
1666048053,543600140,,-2290.9208892259117
1666048053,577645061,,-2803.555950764185
1666048053,627411091,,-2648.7494231699525
1666048053,693774408,,-2369.6967434105313
1666048053,728291856,,-2046.92459504221
1666048053,777394588,,-2752.845641305155
1666048053,828856360,,-2623.056764402023
1666048053,876934172,,-2415.7501916218885
1666048053,927734856,,-2912.8191301854235
1666048053,979267598,,-2889.0123497098525
1666048054,26508733,,-2629.3844349607475
1666048054,84624981,,-2351.576869263151
1666048054,128888573,,-2912.3568763937164
1666048054,180019393,,-2897.77831141536
1666048054,227530107,,-2673.632373809932
1666048054,276796607,,-2392.978252812199
1666048054,328695822,,-2912.702264897132
1666048054,378602441,,-2912.7599787197823
1666048054,427364599,,-2784.7382531026674
1666048054,478808670,,-2525.1681774596173
1666048054,528962067,,-2912.8762730181347
1666048054,579612177,,-2912.692464922153
1666048054,628574749,,-2878.113233626211
1666048054,676769801,,-2627.834881169571
1666048054,729605261,,-2912.8753724561075
1666048054,798670777,,-2912.874582520238
1666048054,829682724,,-2912.6026367596496
1666048054,884100730,,-2739.3901122424268
1666048054,927624805,,-2489.1452056035882
1666048054,979992761,,-2912.866184587141
1666048055,30248636,,-2912.873508671506
1666048055,79462605,,-2912.671410261484
1666048055,128735913,,-2759.047136202108
1666048055,177421146,,-2523.2004188950064
1666048055,228433515,,-2912.8667017664425
1666048055,278563718,,-2912.874525308415
1666048055,330439147,,-2912.8459284393293
1666048055,377443919,,-2803.880230005488
1666048055,427079032,,-2576.5684124516265
1666048055,478742824,,-2912.8752072024095
1666048055,529700864,,-2912.8758400435086
1666048055,586158987,,-2912.8728701140894
1666048055,627105869,,-2798.7348197009883
1666048055,686140374,,-2551.8729798954732
1666048055,732700168,,-2912.875836647445
1666048055,779271516,,-2912.876313872896
1666048055,842539913,,-2909.3749236368344
1666048055,877750970,,-2681.0729620349953
1666048055,927379662,,-2406.6752558525222
1666048055,997921725,,-2854.238063011574
1666048056,30252737,,-2833.944538535717
1666048056,78156307,,-2813.7230462601738
1666048056,129518585,,-2676.856819774817
1666048056,177097026,,-2417.7976694819263
1666048056,231609206,,-2756.161695423583
1666048056,279472709,,-2740.5138813673166
1666048056,332299896,,-2726.877105287554
1666048056,378820284,,-2665.6403018377828
1666048056,428465437,,-2421.6246577484203
1666048056,479541186,,-2697.203976343237
1666048056,529384931,,-2692.0747477347395
1666048056,579126567,,-2688.042785645208
1666048056,627678578,,-2665.293443587365
1666048056,677351185,,-2433.4367074424504
1666048056,729937594,,-2682.036553367467
1666048056,778781397,,-2684.299765188417
1666048056,848896541,,-2687.5348647293863
1666048056,877734315,,-2687.2517645236244
1666048056,927471780,,-2480.689282737328
1666048056,980914786,,-2698.5769882970153
1666048057,28501573,,-2704.6263348748057
1666048057,90846885,,-2710.8086123080266
1666048057,129160497,,-2711.1699516495437
1666048057,178862180,,-2496.1300607293088
1666048057,229725275,,-2726.0142201715853
1666048057,278824605,,-2731.457416150626
1666048057,329302128,,-2736.459622519777
1666048057,378894085,,-2702.7485505606905
1666048057,426693077,,-2464.781814767986
1666048057,479923957,,-2749.251748271477
1666048057,528030858,,-2754.8316100311754
1666048057,579862239,,-2760.1356491604242
1666048057,627601519,,-2702.328034446598
1666048057,676767260,,-2465.798662781891
1666048057,742688067,,-2777.6182313040927
1666048057,795665523,,-2786.4854577928577
1666048057,827966858,,-2795.9388665398537
1666048057,896079989,,-2733.7039679733734
1666048057,927410398,,-2495.7771269272152
1666048057,978244486,,-2826.8832465841115
1666048058,30173702,,-2839.0720125098564
1666048058,78510069,,-2851.257522968799
1666048058,127329054,,-2688.436269926098
1666048058,177289524,,-2451.4144184381885
1666048058,228186862,,-2888.0743745467366
1666048058,281882073,,-2900.911993588132
1666048058,330386298,,-2908.2863783067837
1666048058,377439056,,-2669.6613796118013
1666048058,426602973,,-2429.1973600367287
1666048058,477759121,,-2912.8760939082345
1666048058,528984374,,-2912.8762425037835
1666048058,603282978,,-2910.0388315720115
1666048058,627797843,,-2693.9042614777554
1666048058,678408120,,-2912.8763177183205
1666048058,728559926,,-2912.8758310404332
1666048058,778084233,,-2912.859791916039
1666048058,827151801,,-2805.4686314307755
1666048058,876687557,,-2570.5462170790156
1666048058,928173291,,-2912.8741683916046
1666048058,977694615,,-2912.8731436723133
1666048059,29467475,,-2912.7999156214787
1666048059,77495953,,-2787.6398211049113
1666048059,131911042,,-2563.878689211394
1666048059,177993291,,-2912.8759763469197
1666048059,228512181,,-2912.871878587407
1666048059,278214917,,-2912.8051771133332
1666048059,327921416,,-2799.599686664341
1666048059,376658385,,-2580.4161903233658
1666048059,427988127,,-2912.875605297576
1666048059,477926479,,-2912.8703404650264
1666048059,532306864,,-2912.8715916200827
1666048059,577412475,,-2831.669025449568
1666048059,626675269,,-2611.7260674548434
1666048059,679090321,,-2912.87566795452
1666048059,728526404,,-2912.873978280717
1666048059,777603781,,-2912.60707848761
1666048059,827978221,,-2853.2336918494734
1666048059,876988198,,-2629.8109478151114
1666048059,929925159,,-2912.8762331895714
1666048059,980090589,,-2912.8746018552088
1666048060,28815099,,-2912.8738904580878
1666048060,79737929,,-2842.8276412597756
1666048060,126910622,,-2611.7537219099263
1666048060,178923308,,-2912.8739122817437
1666048060,228254120,,-2912.8746460530697
1666048060,277574191,,-2912.852380104101
1666048060,327787867,,-2811.9508721801203
1666048060,376559475,,-2577.476528183349
1666048060,427939659,,-2912.873602318081
1666048060,477725573,,-2912.875688586324
1666048060,527933524,,-2912.8172216722423
1666048060,577740498,,-2744.1544469743235
1666048060,626800970,,-2498.7982296881764
1666048060,678065512,,-2912.875948575471
1666048060,731981377,,-2912.876274890329
1666048060,780344998,,-2909.953884234996
1666048060,827645840,,-2667.3181133442295
1666048060,876337963,,-2410.720733810475
1666048060,929044906,,-2869.265074804111
1666048060,979897855,,-2856.600847739416
1666048061,28119738,,-2843.8851183014326
1666048061,77283354,,-2665.8333893743484
1666048061,127137125,,-2419.7961960770076
1666048061,178089154,,-2805.848272021545
1666048061,228004297,,-2794.6630798395668
1666048061,277971506,,-2783.560164181562
1666048061,327781037,,-2656.83352840224
1666048061,376290610,,-2416.653712365918
1666048061,429622780,,-2750.5305665458045
1666048061,479507953,,-2741.280949393822
1666048061,529885137,,-2732.4381375227695
1666048061,579797692,,-2697.4686522621064
1666048061,626491918,,-2464.788547844565
1666048061,678705272,,-2706.31913676655
1666048061,729367291,,-2699.4601497831322
1666048061,779064892,,-2693.068991236327
1666048061,828936078,,-2682.69573754939
1666048061,878695100,,-2473.461116651481
1666048061,929205112,,-2675.5340094280996
1666048061,980418651,,-2672.0558294377074
1666048062,28242413,,-2669.3619580598206
1666048062,97462576,,-2666.5280149341575
1666048062,127879343,,-2500.284867927226
1666048062,178682556,,-2664.4366586642336
1666048062,228909571,,-2665.4457145698616
1666048062,277914605,,-2667.571647545137
1666048062,327737401,,-2670.2430894446206
1666048062,377382142,,-2541.8279715673402
1666048062,443174031,,-2677.9254318461885
1666048062,489727400,,-2684.020740260694
1666048062,530507692,,-2691.1980159714144
1666048062,585599159,,-2698.971157206676
1666048062,627596328,,-2582.975968042979
1666048062,676820690,,-2364.0304393779943
1666048062,729571729,,-2722.6117976010787
1666048062,780289079,,-2731.434964325644
1666048062,827452908,,-2741.0012749159987
1666048062,878779261,,-2699.340610836577
1666048062,926779758,,-2474.9848219000537
1666048062,980062460,,-2770.4830264468114
1666048063,28643877,,-2781.502139149385
1666048063,78660806,,-2793.543216269715
1666048063,127999063,,-2772.5188283145694
1666048063,176594325,,-2480.7889861207937
1666048063,229325267,,-2834.109255748291
1666048063,281705390,,-2850.1033259468772
1666048063,328966303,,-2863.9976133801765
1666048063,377412482,,-2721.843310487961
1666048063,427947372,,-2861.6535471530365
1666048063,491031325,,-2903.073654129062
1666048063,528911049,,-2909.884853970083
1666048063,583269482,,-2828.4268586217017
1666048063,627188319,,-2585.071259055746
1666048063,678808905,,-2912.8763143417395
1666048063,729158089,,-2912.87442209752
1666048063,779258072,,-2739.9319359503293
1666048063,826769637,,-2485.4709586064814
1666048063,878288810,,-2912.876240982817
1666048063,927601309,,-2912.8749957208584
1666048063,978204672,,-2911.6463935913985
1666048064,28095663,,-2719.8490096940636
1666048064,76547053,,-2493.2522978305956
1666048064,128219202,,-2912.876115264274
1666048064,178592798,,-2912.8737747081286
1666048064,228719775,,-2912.721742223202
1666048064,277315237,,-2754.451386409445
1666048064,327676743,,-2519.4636255398527
1666048064,378297341,,-2912.873739959933
1666048064,446563188,,-2912.8762138475004
1666048064,477920274,,-2908.2821371712485
1666048064,527876184,,-2682.911982421314
1666048064,578709989,,-2912.873900068188
1666048064,650585896,,-2912.874157594156
1666048064,679995633,,-2897.9194874527266
1666048064,729152116,,-2647.165389970284
1666048064,779270309,,-2912.8747415826524
1666048064,827225292,,-2912.631416653696
1666048064,878274757,,-2828.3650231737497
1666048064,929614039,,-2558.223979550926
1666048064,999255865,,-2912.6690779280934
1666048065,27799573,,-2912.7608736001566
1666048065,77925328,,-2722.67217784927
1666048065,127094630,,-2434.0027761482215
1666048065,177670631,,-2912.601072330569
1666048065,228319274,,-2826.8635866021523
1666048065,277045506,,-2481.4116132254267
1666048065,326872187,,-2165.7783668104953
1666048065,377705105,,-2761.755772512303
1666048065,428110746,,-2628.9417570812716
1666048065,476919569,,-2300.425192711202
1666048065,528483341,,-2821.2084432211773
1666048065,576830948,,-2589.0637590301717
1666048065,626877294,,-2215.7114799792244
1666048065,677184251,,-2658.967637881302
1666048065,729814290,,-2422.9424291959617
1666048065,777477385,,-2016.6178290460978
1666048065,828559056,,-2480.295423577314
1666048065,876723760,,-2257.335053852197
1666048065,926066009,,-1865.2563812549633
1666048065,979216247,,-2332.7089347629835
1666048066,26049015,,-2137.950778337266
1666048066,76154282,,-1759.087520046728
1666048066,126822490,,-2215.0461419523217
1666048066,176464545,,-2078.3479317765
1666048066,225251304,,-1712.729315563018
1666048066,277846471,,-2361.1912166645984
1666048066,326479630,,-1859.0346881037503
1666048066,375889283,,-1611.888726694243
1666048066,426212500,,-1828.399538096311
1666048066,475115506,,-1709.144679912961
1666048066,525576392,,-1210.1753056489383
1666048066,576017822,,-1818.974871395626
1666048066,625830690,,-1516.6214644695965
1666048066,676831046,,-1375.536692486991
1666048066,726724086,,-1536.432206135227
1666048066,776204623,,-1531.879757561461
1666048066,826646057,,-1068.3217924397093
1666048066,876717468,,-1551.3955966440515
1666048066,928430975,,-1256.1117708283707
1666048066,976596178,,-1029.1895080744632
1666048067,25946103,,-1115.9208578435635
1666048067,76323299,,-1056.0911227765964
1666048067,136107150,,-568.8423480982358
1666048067,176212608,,-924.9304907360569
1666048067,226560056,,-624.2304111147754
1666048067,276980702,,-403.5313403046821
1666048067,326866612,,-426.8070997860541
1666048067,376095710,,-388.02970406726774
1666048067,427733239,,448.5375468508575
1666048067,483079608,,383.06800555473694
1666048067,526425516,,689.6735267345534
1666048067,575401033,,761.9859963860987
1666048067,626660954,,984.1599285150456
1666048067,675698838,,922.3787254219174
1666048067,727438470,,946.6974370581432
1666048067,776162523,,1071.6864540887102
1666048067,826632405,,1120.6172427662548
1666048067,876477982,,906.1133481655264
1666048067,926783584,,1357.3083397844966
1666048067,976387709,,1180.4779334162376
1666048068,25941525,,1137.398469552248
1666048068,75783523,,1386.0627490565141
1666048068,127243388,,1395.0925899507213
1666048068,176746583,,1156.452509028039
1666048068,226221272,,1612.8100344092243
1666048068,276024149,,1453.9689774757996
1666048068,327362598,,1296.1451312096233
1666048068,375500197,,1680.1308906542863
1666048068,425720357,,1576.71793970883
1666048068,477967030,,1258.291021844326
1666048068,546941850,,1818.5312145876626
1666048068,576196024,,1724.3927956734026
1666048068,644987789,,1557.7008841349202
1666048068,676260931,,1274.125054065512
1666048068,727819833,,1937.937741497612
1666048068,777974377,,1838.7553949627143
1666048068,834753850,,1650.9639243158206
1666048068,876471905,,2184.485434150746
1666048068,926650818,,2067.9058855115904
1666048068,977815939,,1806.454142828904
1666048069,27466942,,1533.0993937228006
1666048069,78923113,,2259.27270292746
1666048069,135078569,,2197.2290129345906
1666048069,178259639,,2018.5160373751412
1666048069,227827893,,1802.0289063918856
1666048069,277448299,,2523.317742362118
1666048069,360736239,,2448.14023169444
1666048069,411014318,,2263.8335841101466
1666048069,432279833,,1998.328194297407
1666048069,486110807,,2684.256169161407
1666048069,536793372,,2606.323803594652
1666048069,583004870,,2427.678243403707
1666048069,637143929,,2189.970616106984
1666048069,679668922,,2893.9238283196764
1666048069,726798752,,2772.2827306296012
1666048069,779416623,,2549.254837880408
1666048069,839426865,,2296.5250778111094
1666048069,895557787,,3003.9382332225105
1666048069,948261498,,2898.930977675033
1666048069,995049466,,2707.196038152302
1666048070,42971485,,2510.8853418497733
1666048070,88635242,,3238.4434923347753
1666048070,138804630,,2992.349011893606
1666048070,209829408,,2695.6989133336865
1666048070,258977379,,2448.058830408674
1666048070,285903091,,3193.1973451706785
1666048070,354487323,,3028.049970643601
1666048070,409981095,,2792.4884965989804
1666048070,447527755,,3302.7696913638424
1666048070,481383430,,3235.319877339407
1666048070,533141916,,3115.836756382238
1666048070,581135407,,2904.736676370742
1666048070,657827825,,3302.819741380277
1666048070,713395442,,3219.0273355525956
1666048070,742042539,,3188.799305027079
1666048070,778475353,,3073.0949200406267
1666048070,830615516,,3302.746981830387
1666048070,879373073,,3238.025881165995
1666048070,928226991,,3035.286295652623
1666048070,979056684,,3302.8906981810583
1666048071,35748302,,3302.2669610396015
1666048071,94538138,,3232.8027717635864
1666048071,127311499,,3034.9204056192784
1666048071,176713768,,2755.375740452112
1666048071,227835414,,3302.5904798311703
1666048071,277648113,,3299.280550817289
1666048071,326982794,,3068.9040281919306
1666048071,378812234,,2759.5361792256163
1666048071,427879878,,3302.8857166053963
1666048071,498280335,,3301.5644909664265
1666048071,527705304,,2953.6604284710957
1666048071,578391405,,2641.108118848989
1666048071,627568488,,3302.1403947977815
1666048071,676892091,,3072.9167849484165
1666048071,726980111,,2712.7824015296887
1666048071,778564916,,2448.9227841782267
1666048071,827783445,,3233.4936498230277
1666048071,876738664,,3075.9163883525985
1666048071,927143657,,2786.544458582856
1666048071,976670196,,2359.936550528787
1666048072,27730192,,3081.757296946365
1666048072,79478621,,3022.9513536085005
1666048072,137291438,,2817.6685421477487
1666048072,189054646,,2466.3150402485967
1666048072,238494543,,3167.0324813763823
1666048072,277161228,,3022.5144842970917
1666048072,327711313,,2753.653227253134
1666048072,377501727,,2449.8634450157397
1666048072,427637111,,3243.670580573364
1666048072,478904223,,3070.504440388561
1666048072,531883793,,2701.548331729743
1666048072,580100552,,2438.2145871055864
1666048072,633596888,,3229.0040208965925
1666048072,694034759,,3069.736874423529
1666048072,733307721,,2721.829312242163
1666048072,782239701,,2463.250692099194
1666048072,828063433,,3211.9317272226126
1666048072,877357587,,2996.1399072659224
1666048072,926600044,,2667.294081126312
1666048072,994862369,,2405.550691817652
1666048073,29526990,,3124.3423330299233
1666048073,78510226,,2942.7563315126504
1666048073,127433094,,2625.1321146576934
1666048073,176692373,,2335.8776895262013
1666048073,229645701,,3089.92482049454
1666048073,277311539,,2936.8291752322693
1666048073,327136681,,2627.9426469230216
1666048073,393545754,,2277.677069668913
1666048073,428672755,,3034.2776501408
1666048073,477971653,,2920.97788929371
1666048073,528905530,,2565.0863644046044
1666048073,577717273,,2192.1344392471538
1666048073,627932777,,2954.637974553538
1666048073,677859637,,2909.908054664716
1666048073,730262932,,2604.633481184563
1666048073,777759911,,2236.8871922178523
1666048073,828805669,,2892.7091127207755
1666048073,878353917,,2861.3965803766187
1666048073,926904255,,2592.8189561421013
1666048073,976840913,,2258.008006744641
1666048074,27527167,,2910.620174155914
1666048074,89397511,,2886.024943301922
1666048074,127231554,,2628.6099789725836
1666048074,177094668,,2324.225090187163
1666048074,238888389,,3002.0880003772513
1666048074,278427326,,2935.670932344229
1666048074,328472504,,2707.0142096294885
1666048074,376877510,,2419.4464087924366
1666048074,428792124,,3127.2985001849347
1666048074,478943051,,2992.4324086865154
1666048074,526659357,,2729.1824279953116
1666048074,575949827,,2433.0448011251838
1666048074,647671726,,3189.475993858521
1666048074,679680794,,3063.490785878851
1666048074,728452255,,2850.702121759918
1666048074,776906302,,2573.3179030314377
1666048074,828300050,,3282.6068656692323
1666048074,876493386,,3088.869856482314
1666048074,926632469,,2809.0037994454265
1666048074,976476747,,2517.4947618638535
1666048075,47567572,,3237.1389974424355
1666048075,76912555,,3108.8863679420792
1666048075,138463081,,2895.8168410203966
1666048075,177664910,,2627.8279336175638
1666048075,231771343,,3301.46199369826
1666048075,277167678,,3155.979264790197
1666048075,327260411,,2891.085815124589
1666048075,378136296,,2615.1859732763173
1666048075,443365277,,3302.4548671465204
1666048075,479480600,,3215.83749317341
1666048075,527269601,,2977.989370856064
1666048075,577842834,,2715.612826608782
1666048075,627064084,,3302.5536173653495
1666048075,678394706,,3284.5871312337367
1666048075,727848908,,3037.682116724413
1666048075,796280435,,2779.4724786687752
1666048075,827451887,,3302.578019873398
1666048075,878167719,,3300.4191277685964
1666048075,928135792,,3089.0873752364882
1666048075,976827365,,2846.5338636913907
1666048076,27474308,,3302.790637269604
1666048076,86217305,,3302.6404600287196
1666048076,128135292,,3229.4148384751716
1666048076,176491345,,3007.2941925314994
1666048076,227177372,,3302.8398381085885
1666048076,277322625,,3302.798524207058
1666048076,328389136,,3302.573437550609
1666048076,389302062,,3127.38420172635
1666048076,427134736,,2919.734709007475
1666048076,482667406,,3302.837344741632
1666048076,529760223,,3302.7238465554133
1666048076,578470999,,3302.6509979500793
1666048076,648159449,,3149.5667263504165
1666048076,677038573,,2946.636896627851
1666048076,729281329,,3302.884579720861
1666048076,778446326,,3302.763820853653
1666048076,828299355,,3302.0288537085776
1666048076,879696579,,3188.297037649363
1666048076,927233281,,2998.2982914607896
1666048076,978704526,,3302.847027699856
1666048077,28049493,,3302.814967866691
1666048077,80008444,,3302.8829315098506
1666048077,127972027,,3242.009194241448
1666048077,214736807,,3058.7099086540416
1666048077,245353471,,3066.1494733453787
1666048077,278509536,,3302.8399150302075
1666048077,328470870,,3302.6615194450474
1666048077,379173958,,3302.819126360799
1666048077,429197149,,3180.7771251236404
1666048077,478737971,,3302.891000174838
1666048077,527687040,,3302.855249994132
1666048077,594238082,,3302.8074423922744
1666048077,627912710,,3301.5398226593243
1666048077,679223776,,3190.919033795658
1666048077,728921836,,2998.4738178905336
1666048077,777910961,,3302.8872692905375
1666048077,827685920,,3302.8499960245326
1666048077,879274074,,3301.923172440086
1666048077,928230611,,3192.6008941449595
1666048077,978711280,,2979.3867671666335
1666048078,29863997,,3302.887186106921
1666048078,77759156,,3302.7854695502187
1666048078,128487311,,3299.485425791887
1666048078,179586259,,3085.3219257556743
1666048078,227392116,,2835.2875653169326
1666048078,278917422,,3302.8158555992495
1666048078,328111782,,3302.5291353394177
1666048078,378342114,,3192.3451243094783
1666048078,428316878,,2922.6094074229254
1666048078,478500716,,3302.8826396329937
1666048078,527405238,,3302.0055717772607
1666048078,578075028,,3131.264288144726
1666048078,628954473,,2824.484439289068
1666048078,677819380,,3302.639367868041
1666048078,728820305,,3274.9157526297595
1666048078,777546597,,3003.0382867704
1666048078,827234910,,2676.7782364211844
1666048078,878557887,,3302.717713921016
1666048078,928565601,,3177.688833930304
1666048078,976917665,,2903.526559412872
1666048079,26218500,,2581.591541228341
1666048079,78700331,,3298.6673236245547
1666048079,127696466,,3118.7713032435477
1666048079,178731857,,2847.2691049003033
1666048079,228413884,,2523.553693140984
1666048079,279360936,,3282.758783403469
1666048079,328821354,,3077.149961427024
1666048079,376914119,,2805.591969132578
1666048079,426672195,,2477.8461808973493
1666048079,499467286,,3247.0269943736007
1666048079,528750302,,3082.6870427712256
1666048079,577073492,,2866.4083296058507
1666048079,627289619,,2540.92828812709
1666048079,680088440,,3288.828221881484
1666048079,729423621,,3057.0197359321487
1666048079,777458500,,2765.055360588221
1666048079,828479811,,2399.7360288880946
1666048079,878776034,,3167.7501834092295
1666048079,928222140,,2957.1892210531623
1666048079,995586684,,2686.805947304587
1666048080,27426074,,2320.2525723837102
1666048080,79026930,,3086.282768293769
1666048080,145042192,,2883.2304812724565
1666048080,176845986,,2603.921728270637
1666048080,228913269,,2251.842852018685
1666048080,278586988,,3031.0690348269327
1666048080,328575901,,2834.4065212238147
1666048080,376782357,,2555.9228132812805
1666048080,426825232,,2216.7630443699604
1666048080,477656630,,2980.6962722262483
1666048080,526777241,,2790.9855718462168
1666048080,577163210,,2506.5915790584745
1666048080,627465449,,2170.903263234541
1666048080,677392242,,2927.685611493639
1666048080,728361446,,2754.329287897147
1666048080,790117616,,2472.7641321311185
1666048080,827457652,,2133.7715575131256
1666048080,877761999,,2857.538461921374
1666048080,927370098,,2695.091033875294
1666048080,976696538,,2423.1773226840546
1666048081,25798109,,2130.0553737646046
1666048081,97513183,,2826.765591837634
1666048081,129804930,,2723.3219662430015
1666048081,177083645,,2515.6942876953303
1666048081,230368033,,2237.751903914431
1666048081,278889611,,2834.2062311847103
1666048081,326940249,,2670.134622968551
1666048081,377183629,,2386.872797076873
1666048081,425072571,,2092.9539380158853
1666048081,476769661,,2702.1393915805643
1666048081,526423823,,2571.8108289771835
1666048081,576811258,,2303.8776522887206
1666048081,625971138,,2052.3683275098897
1666048081,693471422,,2628.2603884467017
1666048081,726968059,,2528.0435270378784
1666048081,776342421,,2287.6775678032236
1666048081,825247033,,2038.486665757198
1666048081,877127569,,2583.3328565770184
1666048081,937883226,,2436.871888018442
1666048081,995535253,,2126.327312868092
1666048082,27783732,,2515.467523561884
1666048082,76757991,,2303.8769702840536
1666048082,125853039,,1972.5684646289965
1666048082,176644556,,2274.0021819070757
1666048082,227573592,,2070.273446898515
1666048082,275132874,,1699.245955036112
1666048082,325664889,,1966.878747782426
1666048082,376969021,,1841.2109316854517
1666048082,427324347,,1592.8856258379697
1666048082,475353298,,1378.520192628196
1666048082,535274079,,1816.247610473023
1666048082,576786628,,1812.4201867758347
1666048082,625413806,,1645.40321273086
1666048082,676026702,,1518.1411395999914
1666048082,727345934,,1802.2536477203896
1666048082,777342584,,1724.0636450425466
1666048082,825293964,,1492.5910234514788
1666048082,875732121,,1339.6358137069683
1666048082,926877325,,1507.1950462535476
1666048082,976507852,,1451.7427856740412
1666048083,24987625,,1255.3508157815668
1666048083,96620310,,1205.414061124959
1666048083,127434713,,1297.678248149834
1666048083,176465157,,1326.5866266796945
1666048083,225945434,,1202.7981429673716
1666048083,275662709,,1209.0857587667351
1666048083,328373263,,1140.451038651708
1666048083,376398467,,1187.1170916999947
1666048083,425064752,,1065.4090248731559
1666048083,475513743,,1132.9636611749088
1666048083,545151786,,893.8435809931435
1666048083,576751360,,989.014135565994
1666048083,626834407,,899.9827376919305
1666048083,676081099,,1043.7537356835219
1666048083,727241397,,369.46660354902485
1666048083,797230008,,677.6461590531794
1666048083,825613525,,666.8123572615499
1666048083,876698851,,-431.4564655360179
1666048083,926191410,,-377.8058979198486
1666048083,975746999,,558.8262905691935
1666048084,27487226,,704.581596068512
1666048084,88599188,,-802.0075822829565
1666048084,127274296,,-849.9151812973926
1666048084,177922106,,-864.4159396952251
1666048084,230800843,,-1579.4682374410465
1666048084,275899032,,-1338.9928402828605
1666048084,343309601,,-985.33100150061
1666048084,376441900,,-421.43723631321683
1666048084,425548013,,-1592.2344446977474
1666048084,476650208,,-1426.1098697146608
1666048084,526869610,,-1320.5726252164109
1666048084,576327900,,-1830.5346184529599
1666048084,638438370,,-1728.718923481462
1666048084,676560091,,-1473.0768817141322
1666048084,728422380,,-2176.779285681936
1666048084,777063360,,-1940.2306396089314
1666048084,825761358,,-1699.9762179079507
1666048084,876910135,,-2212.3055844212845
1666048084,926683264,,-2088.0444873459865
1666048084,976313937,,-1855.586362692749
1666048085,45048541,,-1575.8698165796538
1666048085,79949389,,-2312.831375663355
1666048085,127347729,,-2194.3020915923234
1666048085,178010812,,-2031.7634462726057
1666048085,231667683,,-2681.8881241317217
1666048085,277032503,,-2501.7741483945283
1666048085,326630608,,-2255.493497874492
1666048085,384638277,,-1961.2590440978752
1666048085,428630298,,-2745.754491973029
1666048085,478563481,,-2577.167245986032
1666048085,527876647,,-2378.705598061946
1666048085,576707987,,-2066.3037191353415
1666048085,629261001,,-2880.9261538520586
1666048085,692469546,,-2735.841397825747
1666048085,728330561,,-2565.817464910788
1666048085,776385559,,-2254.374399228125
1666048085,838605759,,-2912.8718888992107
1666048085,877812390,,-2905.4763297850545
1666048085,928021904,,-2719.0156917225727
1666048085,978698882,,-2437.273196403653
1666048086,29670936,,-2912.8757716819764
1666048086,78691897,,-2912.8724776594195
1666048086,127448108,,-2812.7148153372577
1666048086,177823010,,-2532.140376237057
1666048086,228610988,,-2912.8759307544265
1666048086,291305556,,-2912.807854345641
1666048086,330531814,,-2912.781945477459
1666048086,379425935,,-2671.1385061598835
1666048086,429242357,,-2912.873301748364
1666048086,488600716,,-2912.870005005192
1666048086,529133228,,-2912.6804841903936
1666048086,590662031,,-2764.083757481398
1666048086,627521485,,-2555.3634843131354
1666048086,678222608,,-2912.8736900829545
1666048086,728951571,,-2912.8603858664906
1666048086,779125033,,-2897.0533204357266
1666048086,828490383,,-2570.1246223286184
1666048086,879435160,,-2894.4299573626486
1666048086,929996316,,-2912.876283074009
1666048086,979582490,,-2912.8604047100835
1666048087,28834401,,-2592.777727367888
1666048087,77722141,,-2430.7590419228823
1666048087,128476040,,-2820.3164972192535
1666048087,178663775,,-2859.9611383668716
1666048087,232207592,,-2842.3306114471834
1666048087,289709733,,-2511.763845638623
1666048087,327948736,,-2367.0062130581146
1666048087,378080676,,-2766.808054612827
1666048087,429205970,,-2805.2416146296564
1666048087,494800407,,-2801.2222521763415
1666048087,527042273,,-2553.4984841065666
1666048087,582045745,,-2483.3911974267544
1666048087,627883713,,-2732.8969268489386
1666048087,679094230,,-2771.168665050624
1666048087,731485221,,-2799.9945890339795
1666048087,778263094,,-2606.986824777247
1666048087,827325285,,-2392.6443144288
1666048087,878635160,,-2760.8334053709395
1666048087,929318098,,-2771.0885960262385
1666048087,978812492,,-2768.185205515607
1666048088,28062373,,-2688.1717498154385
1666048088,78431195,,-2508.8005736978207
1666048088,128462580,,-2746.302880906764
1666048088,178764100,,-2768.197628589178
1666048088,247445257,,-2777.94562011712
1666048088,277786918,,-2645.299568392736
1666048088,340857456,,-2431.3848758606136
1666048088,379356664,,-2781.4657436122893
1666048088,427785224,,-2784.3759865898046
1666048088,478282103,,-2780.571476157885
1666048088,528115821,,-2643.678611160108
1666048088,577259990,,-2463.3899454361112
1666048088,629073137,,-2766.923785858128
1666048088,679212097,,-2759.327902809108
1666048088,746284626,,-2750.8396560006486
1666048088,785715100,,-2706.798616161092
1666048088,827314218,,-2407.8576303659447
1666048088,898132184,,-2772.737379317263
1666048088,929595377,,-2793.885438670896
1666048088,977787432,,-2804.1492954338028
1666048089,26738188,,-2635.736279094734
1666048089,77714685,,-2504.1272674903466
1666048089,127805198,,-2839.5331066172193
1666048089,178921676,,-2867.860129481241
1666048089,228589452,,-2872.0444450684518
1666048089,277799197,,-2669.219591872699
1666048089,327033484,,-2506.454160213597
1666048089,378785372,,-2912.876311888139
1666048089,429451827,,-2912.876299780052
1666048089,479728435,,-2910.493122669717
1666048089,540825004,,-2623.648453776766
1666048089,577031496,,-2458.5141025210546
1666048089,629213356,,-2912.8763003325726
1666048089,677503565,,-2912.834636663479
1666048089,728242393,,-2893.5087522605936
1666048089,799928221,,-2626.157164678724
1666048089,829431247,,-2912.875449758701
1666048089,882486786,,-2912.873703581833
1666048089,927775428,,-2912.873198473528
1666048089,979939250,,-2760.063064833012
1666048090,27145670,,-2504.828569971532
1666048090,78618613,,-2912.871899928134
1666048090,129115507,,-2912.8758290701558
1666048090,178032086,,-2912.6470517391267
1666048090,227165434,,-2702.4210616156774
1666048090,276632927,,-2529.036281355256
1666048090,328127042,,-2912.874441286039
1666048090,378540217,,-2912.867147570905
1666048090,428383681,,-2911.6157130009783
1666048090,478146052,,-2664.162314817153
1666048090,545004508,,-2488.7638244683076
1666048090,582615157,,-2912.876283078053
1666048090,629458115,,-2912.875410846912
1666048090,678645947,,-2846.7041110691453
1666048090,727593291,,-2568.4880971989965
1666048090,779688035,,-2898.0881511446964
1666048090,828809756,,-2907.578429294096
1666048090,880413895,,-2908.6339188612424
1666048090,926755055,,-2646.3448767357795
1666048090,976304004,,-2467.5738185419273
1666048091,29306301,,-2912.874859933854
1666048091,79861079,,-2908.035149667108
1666048091,129314674,,-2896.7863794747104
1666048091,177664458,,-2606.933558739442
1666048091,230596468,,-2906.5775194852204
1666048091,285316556,,-2912.6171898829184
1666048091,330118333,,-2912.87116000504
1666048091,378840085,,-2685.893114427925
1666048091,427819929,,-2464.1588666838616
1666048091,480496570,,-2912.8762954067356
1666048091,528715454,,-2912.876285683937
1666048091,578587253,,-2903.222207587543
1666048091,627146413,,-2620.2444933379993
1666048091,691186362,,-2912.8259613798627
1666048091,729040999,,-2912.8002730357953
1666048091,779104342,,-2910.704094999141
1666048091,841084242,,-2696.465485865709
1666048091,877596426,,-2465.019905456659
1666048091,929716807,,-2912.876313101645
1666048091,979211464,,-2898.891847120699
1666048092,31267582,,-2877.7224193694137
1666048092,79686337,,-2588.883156729101
1666048092,128932432,,-2886.367394889797
1666048092,179387390,,-2889.6939757136015
1666048092,227493638,,-2884.922277300745
1666048092,278114504,,-2662.8749002883437
1666048092,328991489,,-2463.8619264765416
1666048092,392462530,,-2904.1101750553994
1666048092,428057351,,-2890.8236356749003
1666048092,477903274,,-2869.2357864386
1666048092,529402187,,-2597.1531717420676
1666048092,576722664,,-2403.6227240586522
1666048092,638013082,,-2887.594818273326
1666048092,678625277,,-2882.0967789748606
1666048092,730518119,,-2812.193031909061
1666048092,778492041,,-2566.976495358601
1666048092,835422594,,-2834.0655140013823
1666048092,877394012,,-2836.7065113249546
1666048092,927878295,,-2824.9875619757913
1666048092,987310061,,-2658.790256632396
1666048093,27187581,,-2462.2932871988246
1666048093,78239158,,-2781.131762123086
1666048093,128509188,,-2768.717922828183
1666048093,179204370,,-2742.459908814263
1666048093,227213233,,-2568.740021196341
1666048093,294456749,,-2391.3200654618045
1666048093,329008464,,-2696.1130693131236
1666048093,377615414,,-2676.2588598429948
1666048093,428362487,,-2645.161201987201
1666048093,477994762,,-2555.752026580046
1666048093,527228569,,-2402.3633090193284
1666048093,579925574,,-2591.6293999295594
1666048093,627876876,,-2593.2002443546376
1666048093,677694380,,-2573.0701298297586
1666048093,728555750,,-2524.519377343995
1666048093,778112100,,-2469.7914216237386
1666048093,838259674,,-2536.766966946324
1666048093,877834242,,-2569.8966898291274
1666048093,928195433,,-2565.5371250037815
1666048093,978375724,,-2532.7392596033023
1666048094,40465013,,-2514.256918797869
1666048094,78948042,,-2406.1026773996214
1666048094,128310838,,-2614.8078413361186
1666048094,177532832,,-2627.5801424734586
1666048094,228082788,,-2598.0639431637396
1666048094,278205589,,-2567.4094896522224
1666048094,342074456,,-2539.9181295167136
1666048094,378320629,,-2681.690188631899
1666048094,427712150,,-2708.518115048914
1666048094,478447147,,-2672.0696590740004
1666048094,527538208,,-2636.4210316513836
1666048094,578068535,,-2538.620876609957
1666048094,628073425,,-2765.5154132271223
1666048094,678737145,,-2787.3527682181275
1666048094,728196518,,-2753.524391990977
1666048094,785387146,,-2612.7091008957445
1666048094,827541191,,-2511.481391354733
1666048094,879672009,,-2860.7944092561806
1666048094,944763354,,-2844.8228813887536
1666048094,978190530,,-2758.188937480617
1666048095,27354685,,-2663.037944331479
1666048095,76642002,,-2517.2132949844163
1666048095,129934067,,-2912.876286790206
1666048095,177891320,,-2870.808437467278
1666048095,230196491,,-2828.59293145372
1666048095,277545561,,-2577.27140665714
1666048095,328107408,,-2912.855081591056
1666048095,398080279,,-2912.7663250864443
1666048095,428794149,,-2912.8646463068717
1666048095,477707834,,-2612.868496892254
1666048095,528484253,,-2478.223602599827
1666048095,578849631,,-2912.8759006266037
1666048095,627885935,,-2912.8742160523107
1666048095,679205767,,-2904.4364875422552
1666048095,728867793,,-2608.7130605857096
1666048095,779031707,,-2912.875289367322
1666048095,828175807,,-2912.876030517206
1666048095,878501804,,-2912.8752842567983
1666048095,927078368,,-2689.9971518903917
1666048095,977660765,,-2468.258281248632
1666048096,29068607,,-2912.8760939018416
1666048096,78420329,,-2912.8752577010855
1666048096,129257406,,-2905.8705090137914
1666048096,177512964,,-2608.8503294110665
1666048096,228690340,,-2912.8760072495706
1666048096,279216643,,-2912.857863483983
1666048096,345253967,,-2883.222838828665
1666048096,376944420,,-2556.438102977504
1666048096,428897004,,-2912.873592426992
1666048096,478040701,,-2912.8215886343355
1666048096,527480567,,-2748.538811128753
1666048096,576750847,,-2399.9200164244407
1666048096,627997820,,-2912.8500456518404
1666048096,678667087,,-2820.3153398876516
1666048096,726921154,,-2575.6368490747204
1666048096,781958826,,-2193.925596343231
1666048096,827982108,,-2895.628496430026
1666048096,878060008,,-2606.6928320734155
1666048096,926431692,,-2372.8861379130417
1666048096,977673716,,-1951.1454937097897
1666048097,28562774,,-2754.724898143913
1666048097,77334242,,-2457.0416752331803
1666048097,126684719,,-2233.597461789193
1666048097,175909402,,-1796.0843554478229
1666048097,226775722,,-2621.7397282632724
1666048097,277844375,,-2290.210798710919
1666048097,327738371,,-2057.493197590623
1666048097,376339299,,-1569.9079158991142
1666048097,426398049,,-2442.4561179424973
1666048097,495951568,,-2082.972617614263
1666048097,526780151,,-1828.1753868860421
1666048097,578498421,,-1211.6208264024228
1666048097,626604984,,-2211.950462126184
1666048097,676615090,,-1822.9393822026016
1666048097,726430245,,-1641.1449028354045
1666048097,776422784,,-2016.4733841711932
1666048097,826743125,,-1883.6195396446094
1666048097,876723540,,-1274.8575765010373
1666048097,925536898,,-704.3500140209289
1666048097,975670136,,-1531.7624796835582
1666048098,25785691,,-1424.5072180113507
1666048098,78354679,,-875.1596145563626
1666048098,128153091,,-1649.2494776611006
1666048098,178115610,,-1234.9672286143239
1666048098,225257451,,-625.1395257921276
1666048098,276983610,,-1223.85096515506
1666048098,325765266,,-882.2813029758601
1666048098,376008736,,745.7168636531362
1666048098,433681258,,-916.8028659532507
1666048098,481924213,,102.07685321698784
1666048098,525181897,,981.6863886293314
1666048098,576528791,,-77.1019688915295
1666048098,627185760,,863.1524541509079
1666048098,695715583,,1316.3437032486406
1666048098,729705568,,915.9657829087954
1666048098,781798417,,1269.739582278538
1666048098,825879568,,1477.7565505777015
1666048098,893085932,,1272.9922570320662
1666048098,927777697,,1238.81957771511
1666048098,975224787,,1429.1709496176381
1666048099,27598459,,1237.0754744266321
1666048099,76217275,,1402.905489471263
1666048099,125275580,,1519.1768625410425
1666048099,176103079,,1482.7142354951845
1666048099,227472042,,1515.5714478077148
1666048099,275171984,,1612.7798541256607
1666048099,326284974,,1655.559577223622
1666048099,376020273,,1625.856138776649
1666048099,425715755,,1631.6924539634028
1666048099,476565125,,1667.2022030112146
1666048099,527599020,,1679.8569328990588
1666048099,575614081,,1622.3316626943301
1666048099,627735022,,1759.1248285248898
1666048099,676656228,,1682.5273313964879
1666048099,725350941,,1637.3918658188602
1666048099,792570521,,1837.5980699884376
1666048099,826034184,,1791.923836815482
1666048099,875773588,,1708.2305172313804
1666048099,927142928,,1559.90937400973
1666048099,976299315,,1912.1322853378224
1666048100,26135209,,1802.474327682876
1666048100,76791392,,1760.0528607752776
1666048100,126977010,,2048.9555401696753
1666048100,175001657,,1926.4703138838186
1666048100,226456627,,1746.649024884926
1666048100,291746952,,1602.7082464229775
1666048100,326645090,,2060.099940948134
1666048100,376784476,,1877.3449620501426
1666048100,429820389,,1757.329075004592
1666048100,476801871,,2233.010032509328
1666048100,527038117,,2060.718265594098
1666048100,575644169,,1810.2938580961638
1666048100,642962037,,1556.866237746605
1666048100,675888754,,2186.5008208579106
1666048100,726073614,,1961.3550996778727
1666048100,776269889,,1844.3818098484207
1666048100,826755768,,2392.8040419744834
1666048100,876828027,,2181.7012612218114
1666048100,926800019,,1898.6537679538117
1666048100,987273718,,1576.9551370927616
1666048101,25729511,,2357.537039036297
1666048101,86012244,,2119.895419842215
1666048101,127331266,,1978.443942066434
1666048101,179201612,,2518.3762834366225
1666048101,227915818,,2337.826500077508
1666048101,288343656,,2014.6573719188602
1666048101,336400735,,1668.5374001937557
1666048101,376322215,,2459.292560126824
1666048101,427263431,,2256.6414022510826
1666048101,488226012,,2064.567344981836
1666048101,528531289,,2715.122475441813
1666048101,577194746,,2464.0106042645584
1666048101,625688253,,2158.080827171494
1666048101,693555710,,1799.51578843035
1666048101,728364647,,2641.5570096439533
1666048101,777103788,,2401.243700937383
1666048101,840424607,,2188.609061475349
1666048101,877299465,,2867.218640334898
1666048101,926600474,,2608.2621305210446
1666048101,989512959,,2286.192974252174
1666048102,29580688,,1915.907385608822
1666048102,77005080,,2803.124095066962
1666048102,126452782,,2586.1681488934883
1666048102,176784182,,2353.079463576111
1666048102,226157925,,2023.2423986121687
1666048102,293782219,,2035.764597265032
1666048102,326955352,,2817.9676294408946
1666048102,376870183,,2713.1731192440952
1666048102,427491932,,2476.816542650396
1666048102,477305527,,3046.6385605075
1666048102,527198659,,2977.836231759466
1666048102,576780857,,2658.3003160258477
1666048102,625704251,,2327.469163488761
1666048102,679683512,,3101.555547006009
1666048102,729431459,,2940.0403816154976
1666048102,782648329,,2651.858833918354
1666048102,827088067,,2346.59451773524
1666048102,877222679,,3165.2532927374536
1666048102,927064249,,3019.470924133072
1666048102,977305332,,2763.480966419929
1666048103,47097315,,2510.9255293718543
1666048103,78554133,,3285.906865350356
1666048103,126589908,,3121.5318045001763
1666048103,176364603,,2862.899928273961
1666048103,226156357,,2608.855140983053
1666048103,277498810,,3302.0266258043857
1666048103,328304386,,3203.81878407985
1666048103,376606143,,2946.243974568292
1666048103,425841481,,2673.449171697424
1666048103,477138786,,3302.3586457124165
1666048103,527705023,,3206.168163906614
1666048103,585792307,,2948.977869940722
1666048103,625969710,,2662.9765518243785
1666048103,679273877,,3302.1690610277055
1666048103,728373466,,3212.1930752874305
1666048103,776720578,,2962.3458802063255
1666048103,827866366,,2703.0406950222327
1666048103,879022298,,3302.675351877809
1666048103,930438902,,3266.0153473372698
1666048103,976423458,,3026.0063996809154
1666048104,26798401,,2763.048918253909
1666048104,77823903,,3302.790381951864
1666048104,128100108,,3291.866166574279
1666048104,177341545,,3062.4467821723024
1666048104,226944976,,2784.4059138540474
1666048104,277589654,,3302.7991199043554
1666048104,343536848,,3285.9356041390056
1666048104,378033132,,3045.5739888661265
1666048104,427150250,,2751.809568155506
1666048104,477092225,,3302.7048704296203
1666048104,528099403,,3239.8122408503677
1666048104,577461463,,2987.052112062574
1666048104,625559327,,2680.5863664312496
1666048104,677045906,,3302.1215927809103
1666048104,746015864,,3182.689499588003
1666048104,778443002,,2891.943790336135
1666048104,826871823,,2581.26813057382
1666048104,879029613,,3300.924904611115
1666048104,928208969,,3118.043802565008
1666048104,977604862,,2829.5257151846836
1666048105,49472149,,2523.4554020698574
1666048105,78348510,,3262.2962207401315
1666048105,143483110,,3051.105196686292
1666048105,177435198,,2740.3427573456215
1666048105,228848739,,2426.410921292119
1666048105,277468006,,3222.753543786677
1666048105,327006946,,3037.3591803949566
1666048105,376364955,,2759.240297407586
1666048105,427544066,,2455.052197298169
1666048105,478605017,,3238.220933518881
1666048105,547627656,,3040.5290023712146
1666048105,577823872,,2736.143987654051
1666048105,626460011,,2407.644307642837
1666048105,678219121,,3196.98257854312
1666048105,729960731,,2996.0797841864114
1666048105,793499400,,2996.1667447177165
1666048105,828493726,,2478.428562018877
1666048105,879976593,,3149.4615138139047
1666048105,930856947,,2896.6718088343728
1666048105,976684696,,2733.4941406546886
1666048106,51855452,,2668.107549721933
1666048106,78435001,,3063.026443052524
1666048106,126739964,,3121.0448843031722
1666048106,178907895,,2872.109530938219
1666048106,242657570,,2906.6479981994207
1666048106,278489858,,3302.823534280427
1666048106,342972096,,3302.8900199331747
1666048106,377898275,,3176.1655270275364
1666048106,426106363,,2723.0380443331733
1666048106,495947619,,2712.717454835183
1666048106,528221109,,3105.6255430478554
1666048106,591638324,,3116.017302266916
1666048106,629080429,,2912.128365392466
1666048106,681533592,,2885.1499915726254
1666048106,728844592,,3298.055931644091
1666048106,794427083,,3302.4747870897904
1666048106,829085840,,3112.3121825104568
1666048106,878053906,,2747.1355976649393
1666048106,930270900,,3256.564782289972
1666048106,977809058,,3257.2274369656348
1666048107,26879855,,2990.0985624802656
1666048107,100670530,,2933.750291517156
1666048107,128862409,,3302.7899120542534
1666048107,197297296,,3302.8192222799976
1666048107,227480091,,3189.2651399409892
1666048107,276131860,,2638.572141043591
1666048107,330348517,,3302.7531858637803
1666048107,377410989,,3252.9025658300766
1666048107,427771544,,3087.4662569565958
1666048107,495941810,,3082.0217240945417
1666048107,528648139,,3298.0870201154435
1666048107,576990389,,3108.0140584028204
1666048107,627902249,,2913.447756745108
1666048107,695738962,,2927.7851385023396
1666048107,728847981,,3187.0741460424133
1666048107,777836756,,2934.698640749278
1666048107,827564010,,2659.7569914064006
1666048107,877455767,,2484.988576363062
1666048107,928689754,,3167.5737245214955
1666048107,988330270,,3198.164640829581
1666048108,27762652,,2876.513730038211
1666048108,95859090,,2826.6447688031417
1666048108,128583493,,3302.5183161551417
1666048108,177298642,,3093.115734968327
1666048108,244608117,,3074.20499267272
1666048108,276463409,,2460.0329257371445
1666048108,328622991,,3224.611450293155
1666048108,395979353,,3231.502097461863
1666048108,427260890,,2852.460895805985
1666048108,476316742,,2444.892876812246
1666048108,529065604,,3263.9008839711664
1666048108,593997641,,3248.0396250104886
1666048108,632469759,,2808.038873846309
1666048108,678143809,,2809.051660923199
1666048108,728088757,,3145.405426456327
1666048108,780313837,,3146.209958074534
1666048108,827339244,,2757.3159910953705
1666048108,878339402,,2745.262713507846
1666048108,928126804,,3160.6956081728777
1666048108,992705016,,3192.226686680943
1666048109,27215358,,2719.2877546381387
1666048109,77169568,,2439.20777935199
1666048109,146184551,,2448.1341331264985
1666048109,178156562,,3185.589900127777
1666048109,227285951,,3058.3785383430813
1666048109,277854533,,2849.5223276824045
1666048109,327187671,,2636.8079709370836
1666048109,377794222,,3301.9313414579096
1666048109,427826098,,3207.855001977623
1666048109,477127769,,2931.7221937274408
1666048109,526445803,,2657.4598696250314
1666048109,577521073,,3301.460241530461
1666048109,639205434,,3302.8538348880743
1666048109,677742882,,3175.6412625058656
1666048109,746603834,,2863.82619853871
1666048109,778558615,,3128.8370080883324
1666048109,830675067,,3136.716514449032
1666048109,876992755,,2563.162039771096
1666048109,953895564,,2562.4518093732745
1666048109,979821467,,3155.3564411726293
1666048110,27216055,,2986.6913667280933
1666048110,78330339,,2755.0217353613903
1666048110,149412451,,2754.3620562207975
1666048110,178866668,,3249.5141534926256
1666048110,244105905,,3299.216693314822
1666048110,277208039,,2781.7538407210354
1666048110,326832835,,2481.171847675873
1666048110,378907898,,3250.544461380773
1666048110,427186328,,3109.6007195838342
1666048110,479170187,,3110.3613282770775
1666048110,527817634,,2850.4830876729698
1666048110,578030683,,2554.541535622073
1666048110,628706949,,3228.6554292309875
1666048110,677409430,,3079.5274365950554
1666048110,728799020,,2909.140618714446
1666048110,781415781,,2635.2082719852338
1666048110,828458302,,3295.2194823218233
1666048110,877922983,,3147.9441371493804
1666048110,927921622,,2956.1339003801636
1666048110,976597300,,2650.742826774276
1666048111,28447963,,3284.42986976345
1666048111,77236378,,3116.60150239713
1666048111,126804499,,2856.962723247733
1666048111,177695991,,2455.5381233411963
1666048111,248270855,,2683.5797629426575
1666048111,278400565,,1960.7764233254566
1666048111,329590255,,-555.0022302661013
1666048111,378687107,,-2322.5485674938263
1666048111,431173425,,-2912.809752910923
1666048111,480666585,,-2912.874733255883
1666048111,547415034,,-2912.8762499843137
1666048111,579492670,,-2912.87613306955
1666048111,628559366,,-2624.430653687965
1666048111,678168044,,-1763.248362804452
1666048111,726740090,,1314.2059275341153
